name	Mock_1	Mock_2	Mock_3	Mock_4	Mock_5	Mock_6	PDCoV_1	PDCoV_2	PDCoV_3	PDCoV_4	PDCoV_5	PDCoV_6
2f4a2b08eec8d8d5f66dc0d20552881f	8354	7039	5783	9594	6983	10441	1011	24	1046	1303	880	1285
0ec560dddb8926df6e8219674207cde2	1394	905	2349	63	3114	6470	28	13	101	0	12	0
b14c3f748ff5130552acea8a2b12f29d	194	4049	4699	0	5713	0	0	17	0	0	0	0
121b72c11e4fef515ec416687443c090	4365	4360	2620	154	2765	516	10	5	97	9	3	12
1a8c6fece7040cdd008cb14a3b9ff098	9	7	14	0	10	0	4864	249	6335	2315	2384	245
6c7a7724773d8ff99763aafa0a02ece2	67	21	7	39	0	0	1806	2364	856	963	1664	2147
b803764a3bf4c19193100cbe10778b1b	863	396	39	65	3	0	367	166	7374	318	0	184
070d726240be0175f44bb39f2c548eac	0	0	0	0	0	0	0	49	0	4723	533	1797
4982bbaf199abfd1057d12302f1c1321	1176	850	595	1003	832	1153	160	0	92	302	101	296
50ee60eb855226343fc5b4c1dedd835f	0	0	3	0	0	0	3366	560	117	1522	459	755
d7d3cdd53799e5296423251aa8f5cb20	44	710	850	105	1104	1511	15	0	0	23	29	58
bc193a7b6d4c982c0ed3b9ab9fbe490a	0	0	0	0	0	0	199	3728	11	459	185	43
75be58d231f9589c374a4f6f8ffc07e6	2565	1086	0	0	0	0	598	0	369	182	0	57
fd204f7a88e546b2288fb9b86489ba32	0	0	0	4304	0	0	523	0	0	40	481	0
16b0b32fd1525ed01ebbde5c959133b6	0	0	0	0	0	0	107	3778	0	148	94	30
adc085fb68c6ca79a17867f7d5dfe238	291	449	446	1098	500	1170	0	0	0	0	0	162
bb2b6ead27b1db040a6515db52128edf	0	0	0	0	0	0	106	2740	0	207	591	22
3b8abb526ee0c0688eae90531a8e197e	105	180	459	8	494	1972	6	0	35	11	0	0
bd2eb093a44ae4b83e0a828180924d76	0	0	0	3334	0	0	20	0	0	30	573	0
ebc1d2abb7cd922b1d1d2a036e08ec39	0	0	4	0	0	0	193	2144	0	441	258	0
c44a021a235e7cd16a44bacc8e0179ea	0	0	0	18	0	0	270	425	40	1209	252	965
3adb077f92f2de9be0352d3ce1037e9c	0	0	0	7	0	0	895	243	212	355	131	1541
0b4df5ef69af5fa17591d916c56725ed	26	796	0	41	0	0	282	1439	69	153	217	110
d55012af6c29b40511ef2455119f7adb	0	0	0	0	0	0	234	1722	0	388	322	46
3edc8b4aaa3dfa2e6c4524e8771d1187	0	15	112	54	192	0	590	310	135	597	236	496
34272e5acf8bda74002ed691482dd980	351	187	13	114	0	0	236	617	278	178	241	477
16d24e5b9123f652f7632b720dbc4bab	190	131	374	0	505	1141	0	0	0	0	0	0
ee108f0d70c73888ec3a23c1d4c52689	0	0	0	0	0	0	47	124	0	743	591	1126
0546bf802f89bc8490c882ebddf4a99f	0	0	0	13	0	0	147	667	190	9	93	1311
dbf0e2490858808347448b92d64163da	332	215	1000	34	241	165	0	0	108	17	46	0
90270fa8262e55642534984b3efb9fa8	84	197	399	186	434	835	0	0	0	0	0	0
ebe4222a8c7bd7382b447a9aeeee5541	0	0	0	0	0	0	360	648	208	304	158	535
b42f0a7e9ce0930cc5b7c8466e02c926	0	0	0	0	0	0	0	0	0	695	0	1441
f0a8debd3669285bdc66977b48892c03	163	258	201	521	259	550	0	0	0	0	0	87
a00ff0a18066954369398d58daf55c65	0	0	0	0	2	0	25	77	41	244	12	1592
1b2355055372bc81e3aeddd0f69cc1fe	0	0	2	0	0	0	0	0	0	800	568	576
4cc4dd9379f5b4afc4f4397ac0baaed7	30	81	916	86	368	136	30	4	0	0	3	0
415018a6c07ba447531a746d881dfdb7	1106	569	0	21	0	0	15	0	68	0	0	0
6bc6521089c8c2cb883bae25cbb1e2bc	0	0	0	0	0	0	237	61	833	0	863	0
863baabe1481f5f03d1272ce4b32bbcc	0	0	0	626	0	0	16	0	0	0	1256	36
dc321ba26ae80fdc3a6fec5ec4a82005	54	15	21	14	0	0	509	29	1138	64	22	17
95e0ee1a5a8a0ee827154e1229f41bae	0	0	986	0	362	0	0	0	0	0	0	0
1d2c73917fa75e19031e4371ada743ab	0	0	0	0	0	0	0	0	0	397	1246	0
2a231f08891292ebf633fb67c2243110	0	0	0	17	0	0	224	25	32	0	1312	0
983221711f529bb7d73fcffec66c0293	0	4	6	83	0	0	284	63	203	107	245	450
f2735c286490a71c359f4d5db6bdd217	0	0	0	0	0	0	1174	0	371	0	0	0
c01510bff7b77875a8b1558ee4d6530d	16	8	7	27	3	0	376	256	64	51	132	427
e313575e5203fd4de66f3a0811571628	0	0	0	0	0	0	0	401	0	195	107	537
e13c4d6b4da9284d21ddc97ff95edde0	225	98	0	77	0	0	73	109	84	113	175	325
ffeae2fdd8c2c7b1d1c1c1d7a33944c8	16	72	186	149	238	0	26	70	0	121	369	29
08e2bf9e495f4b5f9cc7d3033463a657	192	72	406	340	93	0	0	0	86	0	18	15
042ce2db0e789694e5f8aed568e657f3	0	0	0	0	0	0	53	0	0	71	282	855
d4637971d77c54bcc3dcd80477583bda	0	0	0	0	0	0	0	0	0	589	0	625
3803287215328f86dff2586ba4714088	378	336	242	0	89	28	0	0	0	0	0	0
d878a534a0acd9c3f7ae2bf7bc568556	393	415	129	0	67	28	0	0	0	0	0	0
becf6fb3c5b2265bcad513520ba0e523	10	566	0	569	0	0	5	0	0	0	23	0
5c0644f23e7db04b7c8bd37098828313	0	32	0	0	12	0	600	55	545	0	0	0
2c234c87c5882dd4f414aec10fa936c2	9	8	82	851	65	37	5	5	0	0	6	63
c6cdc71a1f7376db5a843ade152ed641	26	40	328	90	172	247	7	0	0	0	0	8
cc1f106dae404eca16e3b7d588d58645	0	0	9	667	0	0	355	0	3	21	89	3
d7e0695216352480fc73a77f0581ad14	0	0	0	0	0	0	0	0	0	30	1045	0
6c50dd3cf297cf30eaf754d064def0bb	14	28	369	0	405	42	0	0	0	0	0	0
a44dbd6a9c3bb8a5375fd096a5594a0c	318	217	51	0	0	298	0	0	0	0	0	0
9005c656c6f29c1e95e891c2bda299b1	6	0	0	0	0	0	0	61	0	343	435	49
f9bf25150c643d74e7af3bd8a65856ae	0	0	0	920	0	0	0	0	0	0	0	22
26207a351efe75cbfa09a30200441fb0	0	0	1	0	0	0	0	0	0	262	376	229
a448970de11b09c53971e6ae439c3e85	0	0	0	10	0	0	264	253	218	0	131	11
748d09ab951107b80e081ad5e5fb3465	0	0	0	0	0	0	154	180	10	295	125	7
c8b1f00c5d887eb820a2788a1a69f2c4	42	99	315	93	91	19	15	0	27	0	0	18
c2e205dabca2d918cb1298324e799842	0	0	0	0	0	0	75	0	13	11	24	607
53c6d160d3c18da1b892731b30db27e0	0	0	0	0	0	0	175	0	0	286	173	127
8a2950244650b024368aa8174145ba33	0	0	10	0	0	0	291	36	5	159	28	208
da3fd1a55a332ea87aa1da2b633d54b2	459	189	0	0	0	0	0	0	41	0	0	0
52bf6712bf13549c932a73d86a74684f	254	225	136	0	39	0	4	0	0	0	0	0
ba0596067c4e680406c82c4baa296538	0	0	0	0	0	0	50	0	0	23	557	99
d95ece56860221019a2d090f4440fa33	0	0	0	48	0	0	0	0	0	0	523	142
4e29949fbf33f687665c7ec95d0b1b26	0	20	0	18	175	26	14	8	34	111	0	218
18a9028dff6d3759193ec26771449c1c	0	22	243	0	265	29	0	0	0	0	0	0
46770c35864882eff8347cac975028bb	0	0	0	30	0	0	306	68	99	0	178	0
6b7f23e2f0e5f0e8347de4c3712f99a2	0	0	0	0	0	0	555	20	130	0	0	0
2256d92ff624f39c0c337b280191c653	0	0	0	0	0	0	232	217	0	91	40	40
001bdfba7da69f15678b990c86c6f61e	286	154	11	59	7	0	0	0	48	0	0	0
bb37db43a4cba4e7297f7ea91a9c16c9	19	18	209	0	222	18	0	0	0	0	0	0
5f076b7dd5c156ad7db93b7b7751dccd	57	55	173	8	185	0	0	0	0	0	0	0
8f16b9226a36bea8cfd37d863d749252	0	0	0	203	0	0	0	0	0	0	387	0
88259001e1d324cbe2e020c56a3df7b1	291	155	0	18	0	0	0	0	10	0	0	0
8fbeff79690836f1930ae01c9f9f2574	344	129	0	0	0	0	0	0	14	0	0	0
686c4f8f0868958cc88ef9c3673ac0bd	12	30	243	42	83	27	8	0	0	0	0	0
79709c1ee39f1ab078c884416504dd45	0	0	0	0	0	0	194	219	75	0	0	0
d97a08823bbd2bce425078b1f200ee48	0	0	0	0	0	0	36	16	276	39	187	0
dcead6dff2a4216ac275f636ea82949d	0	0	0	0	0	0	17	7	0	0	0	450
7565fb16d6fa0d2fc9901c3ad7f7d233	0	5	0	0	0	0	0	0	0	399	0	25
dd5ce8d0b040693d540cb5aaf1b9fb3b	4	12	0	0	79	0	0	54	59	94	22	120
11aee1cbe4da4f71248dceacab126506	0	0	0	7	0	0	0	0	0	303	95	45
99d00583feb5d05770061c5ad101bfbe	0	0	0	0	0	0	0	0	13	358	10	53
40e2b88528648f5d6907860fece4c6d0	0	0	12	0	11	0	186	20	8	76	28	90
a018eb1d8afceb2751d3b92b22f4d35f	0	55	85	73	168	0	18	0	0	0	4	0
f8fb9d0c84a519d2804977dcbd825f0e	0	26	82	0	139	132	0	0	0	0	0	0
8125b532c63284f6270570cb72b595a8	0	0	0	0	0	0	9	0	0	106	51	258
875529beb307c8bf6e86b21223e812c4	0	0	0	2	0	0	73	102	0	135	71	26
1ddd036b98f355d7f54facadaa9dff88	193	154	6	0	0	28	0	0	0	0	0	0
402b0cc750741c52e347267b5f574ae7	79	99	116	25	10	10	0	0	26	0	0	0
3024ad8d0e51a728e5bdcde3dd09187d	126	107	74	0	36	0	0	0	0	0	0	8
1be8237814163ee66e18dbb76acac7f2	11	5	13	0	11	0	97	17	271	0	5	0
b9263c11d3b792d4020602f452066a00	6	0	305	0	19	0	0	0	6	0	0	0
b656eb1a06bf0de3a98db3c68977de10	0	0	0	0	0	0	0	39	0	0	360	10
26d4ee75f845e01b5127ecd5969d87db	0	0	0	0	0	0	44	0	380	19	0	0
ac371e96764d010b52dbf307105e2d03	0	0	0	30	0	0	0	0	0	0	280	87
f83fc2b97a56394c59dfd84c50150bf5	0	0	0	0	0	0	48	0	0	0	196	150
d8fd6902d80bcf9dcffa784601795928	0	0	0	0	0	0	88	0	311	26	0	0
d10e600a22f528b28359cf0f39fe2f0d	0	0	0	0	0	0	0	0	0	23	78	263
9dabea5d9e2f4dc306d05e7862cde8df	36	51	6	9	0	0	0	0	27	124	84	6
a83b7248da24535968bbbefb1b6ebdf7	0	0	0	0	0	0	34	203	85	0	0	0
5d1cd61dec7d1a29624c7d613710ddec	0	0	0	15	0	0	194	0	142	6	13	0
2de9df4fc248acabc6f335c898355747	0	0	0	0	0	0	0	41	0	68	115	78
06d47d29566a80ad868da7e026b9a0db	223	75	0	0	0	0	0	0	0	0	0	0
9f965a35fc9d69616021528c5d33fa67	172	101	0	5	0	0	0	0	0	0	0	0
d9287ec6fa9b7e19be251a3fd02a41df	0	0	0	68	0	0	0	0	0	4	261	0
04b8458f4bfd4c1c9749a946c7f148ce	0	0	0	0	0	0	0	0	0	263	0	10
7219a43ab421554e3dd641b11f5049d1	0	0	122	0	123	0	0	0	0	0	0	0
845634d716272c6fbcc995f1d9b6a34e	0	44	175	0	29	0	0	0	0	0	0	0
1a971e2aaa9347d4c5d0ccc2d6169cf8	0	15	19	135	0	0	0	86	14	0	10	0
8c7c09cdd05c1354a798dee3a648a79b	0	0	4	0	0	0	0	0	0	0	301	0
e3a1099d8cea861bd58be732d39bab8c	0	0	0	0	0	0	105	95	34	44	0	0
c3213b57948bb2004488488c438d1805	0	0	0	0	0	0	0	0	0	36	0	232
d397196bfa47bdec1c110d0f613699bb	177	52	2	17	0	0	0	0	29	0	0	0
e8e26483fe58eb97c802fb02537605e9	0	0	0	0	0	0	288	9	9	0	0	0
e3f15a31d00f35643d35f2ad9a7a615c	0	0	0	0	0	0	59	65	0	8	52	101
f6f530f92555939ea54e52ff48dd49cb	0	2	6	44	11	58	29	10	15	27	67	0
d737556ddc70df7ef134a56cd379f665	0	0	0	0	0	0	0	0	130	0	181	0
1affbd9e9a121bcd5ba6d1d1dd445293	0	0	0	0	0	0	44	6	81	17	87	45
9f0c386ae5ed1e8a4cf60627eaef9738	0	0	0	0	0	0	0	201	0	0	0	16
441931b4b249dfc9074e730d95048115	70	55	0	40	0	0	23	0	59	11	4	0
9e4e1c7c9d796d34088b1b2d213fb7d6	0	0	0	0	0	0	0	0	0	8	262	0
80110e8f50dd28c93e9a542b7a7ee438	10	0	0	0	0	0	81	0	195	0	0	0
ee30f196909b7ac2d6d84fe085701f92	0	0	0	0	0	0	0	0	0	114	0	124
f11e4b249d3509fda9217d682ead7a7d	0	14	0	94	3	0	53	0	82	0	30	0
ae509d0dd0fd8d47a36a9223606998f5	0	0	0	0	0	0	0	0	0	194	19	22
abba05f06256028dc2451445be747999	165	66	0	0	0	0	0	0	0	0	0	0
b9648d446b99e1895a1ca4d79b1086a3	0	0	179	0	13	0	0	0	0	0	0	0
fd9180e5b6c1227ccc30265ba7fd373a	0	0	0	0	0	0	15	24	240	0	0	0
24766c86f81be89436d8c6699cfbd471	0	0	0	0	0	0	10	0	269	0	0	0
206d88ed4f749c2abd6b51b08f774662	0	0	0	0	0	0	84	142	0	0	0	0
606f75c60f1252008aec19a1e12a5548	10	0	37	0	64	79	0	0	0	0	0	0
a6b5187862c4e3f01f717a945fca3446	0	0	146	0	41	0	0	0	0	0	0	0
840c33960ec98e9f04b286c8b42ae5d2	0	0	0	0	0	0	99	110	0	0	0	9
d289785b4c403afba4fc750236d360d7	0	0	0	0	0	0	0	5	0	122	99	0
dfb1e53c12247f564224b46c09f39380	0	0	0	0	0	0	0	0	0	150	16	39
47ccb2833a33bd0f46183b2da83357d9	0	0	0	0	0	0	0	0	0	74	53	93
11fb5435de9654fcd1ba0ca103e584a3	0	0	0	0	0	0	0	0	0	0	165	81
56ed5fa6f74a726babc7b8d62683d8f4	0	0	0	0	0	0	57	0	202	0	0	0
e28d652728d9579300fb3d2833f158a2	0	0	0	0	0	0	0	0	0	93	124	12
af3e531597aa05365688feb294119c3e	0	0	0	17	0	0	35	20	0	93	31	33
38f9479d2f37d1036274704b09d2e3c5	0	0	0	0	0	0	99	0	29	49	0	39
399343c8eb3905300b61a459f4869693	0	0	0	6	0	0	25	7	7	13	87	71
a945d35ffe619d3a81c9ea829fc1de55	0	0	0	0	0	0	199	16	9	0	0	0
90777bda2b0cf18835b30894d239507d	0	0	0	0	0	0	84	0	152	0	0	0
50f31ae556c607afe407e6610551f887	0	0	0	0	0	0	120	44	56	0	0	0
977f324befe866126abf84aaa1f403d1	0	0	0	0	0	0	0	0	0	23	0	180
49b6fb34bf64509d9b4c4e83cbeaf0cc	0	0	113	0	39	0	0	0	0	0	0	0
bd60242090923d7b1d4a3aa95204a2f3	0	0	0	0	0	0	131	0	23	27	32	0
a4d98ca36dc66a0161e195b9a625b708	0	0	0	59	0	0	14	0	136	0	0	0
973d9828a12811499e1810c54698ed4d	73	62	0	41	0	0	0	0	0	0	0	0
1287caf94ba9d05a396d95db9d070ff1	0	0	1	0	0	0	5	117	56	0	0	0
f67d6e431eb6e979bed010f369cfdab5	0	0	0	0	0	0	0	23	0	33	0	111
341db8901f82f2a0d10b9a3c29b3beb4	0	0	77	0	73	0	0	0	0	0	0	0
03c754fac4a4ca64dab588197ffa676a	0	0	13	185	0	0	0	0	0	0	0	0
f2e95100662acbc86b3757c2a9ae48c9	2	95	63	0	0	0	0	0	0	0	0	0
c565a3538c24875b4b73665b5858acbc	0	0	0	0	0	0	0	0	0	86	0	86
c25f0a358316873259135dec59c75b55	0	0	6	0	0	0	74	75	0	0	15	0
57841c6a821617a3b046fcd78dbbfde6	0	0	71	0	64	0	0	0	0	0	0	0
6fc939f99006232d98b18a2ad5a1d5e8	0	0	0	8	0	0	0	0	0	0	142	22
2058af60e5f34a3dff5e2c15eb099ab2	0	0	0	0	0	0	26	0	47	49	0	42
99015187ca4e58613453a32fd0d85a90	0	0	0	0	0	0	98	6	3	28	43	0
1b171fde0f2038f92fb171618950aad6	0	0	0	0	0	0	8	12	0	28	0	99
3cc3a372b346d38d5c710fd2fdf8f814	0	0	0	0	0	0	0	0	0	34	0	113
7a0f6bd1ab87128b9f665f87d00ef381	0	0	0	0	0	0	0	82	0	59	9	0
b9fb3aa156f4276b73da9df65ee51af3	0	0	0	0	0	0	0	0	0	98	0	47
668f606e44b668b5ce31ba64a3425db6	0	0	5	0	0	0	0	16	0	56	80	0
f715447e956079aeed951685512983e2	0	0	0	0	0	0	0	0	0	12	0	138
0bc99abb6f4d2b5f010a14f69567d3de	0	0	0	0	0	0	46	0	128	0	7	0
4fb60dabdeb2a9be51713fb3d01953b9	0	0	0	25	0	0	11	0	0	80	0	35
0c00820999ec92c05206c90eb0eac6b5	0	0	0	0	0	5	14	0	0	0	60	65
3109797c4ac049f82aafc3bf400365e5	0	0	0	0	0	0	81	17	20	0	16	22
f1d10bfa443393cfe67263894c84e566	0	19	0	132	0	0	0	0	0	0	0	0
970dccb450351ea7ea3a39980f821359	0	0	0	0	0	0	19	0	92	0	25	26
79116e7b3b111cdb87ff654ed0f7b3c9	0	0	0	0	0	0	0	0	0	57	87	0
995f3a34ce29142a76b5eb71f9dfc8cc	0	10	0	0	8	0	0	0	0	20	0	90
6d3c4af98ad0cfc8d29ec7f072bdb16b	0	0	73	0	38	0	0	0	0	0	0	0
5291006ef2427233f10df0b5ca786a79	0	0	0	0	0	0	0	32	0	14	35	61
4f315ca08c78b15fd8b1654530119399	0	0	0	0	0	0	43	48	58	0	0	0
3a71435b057440a8167b9443e1ecae09	0	0	0	0	0	0	37	0	69	52	0	0
cf1fb7065ef25beb6099a71f58e7a823	0	0	0	0	0	0	0	29	0	30	78	0
182608bb06949dacfd23487ca7ff9ac6	0	0	0	0	0	0	0	0	0	21	130	0
be2946f08ac575e606a32cc7febf468b	0	0	44	0	41	26	0	0	0	0	0	0
4156ec3a101d348b95d764ef4a50d4fd	0	0	0	0	1	0	0	0	0	46	89	0
e88fbfc77fa565546d3abfc6f4cc2a5c	0	0	0	0	0	0	90	0	11	0	47	0
d05f7e85289dcff3863232f0b534e7fe	0	0	0	0	0	0	48	0	0	49	20	27
c937fd736d7e6210f52b259f4833aacb	0	5	3	0	20	0	30	9	73	0	0	0
ed9cb3af0b6c85baf3c2131ebc754502	0	0	0	0	0	0	0	0	0	121	8	0
09acb498074d9f7672e4622662a81d30	0	0	0	0	0	0	26	26	84	3	0	0
b88d9a5af9af7980623bf733091b46d2	0	0	0	0	0	0	11	55	0	41	10	13
ff7008e0758ad4e31fc71663fead0d80	0	44	0	31	0	0	18	0	37	0	0	0
da6db2844a36997ef007ad1a7651a4d3	0	14	90	0	0	0	0	0	0	0	0	0
78c1e2ea9015c466f63ea0671a0ffef9	0	0	0	0	0	0	28	62	28	0	0	0
7d5d40e81c6118ff717c3d7a25bcddd0	68	51	0	0	0	0	0	0	0	0	0	0
abbbcee5bbd28270f9ee0317bc6b75a5	64	52	0	0	0	0	0	0	0	0	0	0
fe407612d5ade8cb0eb8cade5b1beafb	0	0	0	0	0	0	0	0	22	89	0	10
2606640426c00471d8a01d947c969cc4	0	0	0	0	0	0	0	0	0	108	14	0
f51f80a6af0ddd1d55a5d06b6f395f6b	0	0	0	0	0	0	9	0	0	0	123	0
1871772af86f17e8d2f80f49154dd262	0	0	0	0	0	0	0	35	0	14	34	37
7a5edcf8b53b10bffe50fc0dd973f61c	0	0	0	0	0	0	50	0	90	0	0	0
0d60efa2f811507f2e7153b56c02ff18	0	0	39	0	26	33	0	0	0	0	0	0
f730c3dfb5109df14d4120c967e4c038	0	0	0	0	0	0	3	0	136	0	0	0
b9e2e57afed03a7fe8aa93503d119b5e	0	0	0	0	0	0	0	7	43	29	40	0
855c9cf8bb6fdc310bec5917b75f6195	0	0	0	0	0	0	62	15	6	17	15	0
1af89e0412a7ff7bb73ad842ace8022c	0	0	0	0	0	0	0	90	0	0	6	0
93933564e96fb7f01184435465854f3e	7	39	32	0	10	13	0	0	0	0	0	0
3921143496e5ecc4616789da0476bcf1	68	37	0	0	0	0	0	0	0	0	0	0
106e6b17a6a866f059edb6046bdfd2ed	0	12	28	17	40	0	0	0	0	0	0	0
45c5edd51be1ecc155c9f12c0374f5b2	0	0	0	0	0	0	114	6	0	0	0	0
d5a11f5fc8ffbd7e1430e9606db3a93d	0	0	0	0	0	0	6	82	0	6	0	0
d3aadd55dc0df4d4dc2fc35ba1a646fd	0	0	0	0	0	0	0	0	0	5	111	0
88cf0999014d8e6efd01f9f091e1c2f4	63	38	0	0	0	0	0	0	7	0	0	0
476ceba2d08ffbc3ef74783380c292f3	0	0	0	0	0	0	0	67	0	16	0	7
8ba4aec2b71129d4ca1fbf9585f7e6a9	0	0	0	0	0	0	0	0	0	18	95	0
c6ea4c2fa70d9a0846f1680c3a135b00	0	0	0	0	0	0	65	19	19	0	5	5
b6ca57b9cf5e2d88922807a1cc3e237b	0	0	0	0	0	0	15	20	0	0	74	0
5d94b9f40b5d0adaa55171efad8c5406	0	0	0	0	0	0	55	40	0	0	0	0
13f6eecdfe805718d195b96dfb3a3e2b	0	0	0	0	0	0	0	5	0	0	103	0
25efd02477d043a409fe6942c732681d	0	0	0	0	0	0	0	0	0	10	0	87
a70006103d45cb52581f884142479a06	0	6	0	93	3	0	0	0	0	0	10	0
8b9229721fdd17ae2673ab51edc2b1f2	0	0	0	0	0	0	0	0	0	32	73	0
3ec9a72eea2934c7e20bf5e3840b3935	0	0	0	27	0	0	0	0	0	30	30	16
118388cf3b59ee7c53f5bcc5b7a73b34	8	0	0	0	0	0	53	0	42	0	0	0
62a99b1072b9dc115c030ab98c5d62ea	0	0	0	0	0	0	6	7	9	13	5	50
cc40a1a06f503522cdcce5850c52a37e	0	0	0	0	0	0	0	56	0	0	0	22
ea1f8fed8b03e522371bc1636f3fdaa0	0	0	0	0	0	0	17	27	0	20	17	0
e8415a199ab90776882473a8db25dd11	0	0	0	0	0	0	0	0	0	0	37	52
a01b6188fb1fe6548a57a176ebbddf48	0	0	0	14	0	0	0	0	0	0	61	15
aac7a8b546f73af62d8242a05517ee42	54	28	0	0	0	0	0	0	0	0	0	0
016ffba51c442e49dbc808f2043c4318	5	19	14	0	30	0	11	0	0	0	0	0
d09d588bb9a720cd575a5827c56a7839	0	0	0	25	0	0	0	0	0	56	0	0
179db2b22eddd8756e864ba7f6987408	0	0	0	0	0	0	0	0	0	32	54	0
334f65f7ba984d4c036f2605cb89b36f	0	0	0	0	0	0	0	0	0	37	0	39
b26a930bc4a44fa51310960f1b0ff468	0	0	0	0	0	0	3	8	0	34	3	29
b78523f9734fed001d85963ced1b6bc2	52	30	0	0	0	0	0	0	0	0	0	0
bc5dc688aca3e85050859ccffb837227	0	28	24	23	0	5	0	0	0	0	0	0
09ac9f9a3095c6b0202fb6a60c219513	0	0	0	0	0	0	52	0	36	0	0	0
0e865682aceeddb7765618deab3fe0d3	0	0	0	0	0	0	0	55	0	10	0	0
0b62cc8109764284e9804b3fc7d7a1dc	0	0	0	0	0	0	0	44	0	0	30	0
5baf431a48ff74e5bb43fc3a23379595	0	0	0	0	0	0	0	0	35	0	52	0
1d5f7672f3c9583866c600279702c5e8	0	0	0	0	0	0	41	5	15	0	20	0
da7221f031cc54ef69fc01d26fe803fa	0	0	0	0	0	0	0	0	0	12	0	66
1987461f02e9e566a58e2df6ae162ce1	0	0	0	33	0	0	0	0	0	0	50	0
7df5cbcb58e6cb3729136bd55fce43be	0	0	0	15	0	0	37	23	0	0	0	0
875fe2f4a1339b0876a09e5e5d1a4b44	0	0	0	0	0	0	0	25	0	0	0	48
f835a4e5a379bc169a2f2e0b9cf72ca1	0	0	0	0	0	0	0	0	0	38	38	0
ea380ff6799fc54b245acfc4365fafdc	0	0	0	0	0	0	0	0	0	0	56	22
66298e49f45a076cdae12ad8875e96ef	0	0	0	0	0	0	30	0	52	0	0	0
513635643a7f193db74ca89991174302	0	0	0	0	0	0	24	0	56	0	0	0
2ca8355c6494d4feed154b4cb4d86182	0	0	0	0	0	0	40	0	0	14	0	21
d63cc081a22c6b10e3039bcf1002a9e0	0	0	0	0	0	0	15	0	65	0	0	0
a305ef67142a9c4cd7f1b0a8bb582ae8	0	0	0	0	0	0	9	0	72	0	0	0
2cdc4bf35baa16afc99e1dd1442b1491	0	0	0	0	0	0	0	0	0	38	0	19
4d5c24856e332ec87bb6d6b5da85c781	53	10	0	0	0	0	0	0	0	0	0	0
a488d5868a1b8f86a3f162da95bc1814	0	0	45	0	6	0	0	0	0	0	0	0
b468b20b651c06e4039b9207095dab01	0	0	0	0	0	0	54	0	22	0	0	0
bb202becf80d63fa7ce5864768e3c7fb	0	0	0	0	0	0	0	27	0	0	42	0
5881bb20a5699e35017633aa882befb5	0	0	0	0	0	0	33	0	37	0	0	0
7789b3ae2973c4bd6e31fbe4eff91377	15	20	0	7	0	0	0	0	26	0	0	0
ef7b72319a0482385820220f6efda11c	0	0	0	0	0	0	9	0	0	33	0	20
fc3f94d37bdfd7ab96875a6fe0d8ea16	0	0	0	0	0	0	0	0	14	0	0	47
8d804d77348d0dd87f59304bc38642f1	0	0	1	0	0	0	0	0	0	0	0	52
8598e48473aadc968cfe5d65ad1be55c	45	16	0	0	0	0	0	0	0	0	0	0
0ae1308cf1201de65c4edfcd616e89b2	0	0	0	3	0	0	41	15	0	0	0	4
6debb232cc213faee1c2ef09e1479bed	31	22	0	0	0	0	0	0	0	0	0	0
ae04cb0faf37447cf9f658891fdb79b3	0	0	19	0	26	3	0	0	3	0	0	0
3960f0864976f7a79ea638566f628084	0	9	0	0	0	0	0	0	0	0	56	0
63d954ec5d5fb86353c8921f377ed493	0	0	0	0	0	0	46	0	15	0	0	4
cfe883ee0c7173e44a3a63897d8ac48e	0	0	0	0	0	0	0	0	56	0	11	0
ee2d0e227854e8ff73ad43051ec0116b	40	14	0	0	0	0	0	0	0	0	0	0
0fbb9ba014e6537638b1abfa91c70058	0	0	0	0	0	0	51	0	13	0	0	0
0a088091fa7dc8e6a3b88ed13b8785e7	0	0	0	0	0	0	0	10	44	0	0	8
869fda8897f2f547a218fa03f8a9d7d3	0	0	0	5	0	0	17	0	9	21	0	5
b0a9f3409474ada972f3d0c4c215f789	4	6	8	31	0	0	0	5	0	0	0	0
87e04c689c6e6f576a3a04c311503f11	0	0	0	0	0	0	0	16	0	17	22	0
1fa6714842d6f3a52ca024696db96937	31	21	0	0	0	0	0	0	0	0	0	0
4b08e31abdee19fe2bcc4b3a7a0f72b7	0	0	16	0	0	28	0	0	0	0	0	0
49eec6afa75d38552a9f6d9e888a85ae	36	12	0	0	0	0	0	0	0	0	0	0
d89f50e84c7e6e2644badb9a4af2d87b	17	0	0	0	0	0	3	0	0	0	31	0
ca2a769dcf9bb61d57fa2930767e2561	4	0	0	0	0	0	0	33	0	0	0	0
7c39402974317ace47825a23bb435094	0	0	0	0	0	0	25	0	23	0	0	0
bfbaa9ca925bab81fe21b87a2750dab9	0	0	0	0	0	0	9	25	0	9	0	0
f6fa5a05e075e12d726c333b0aeaee4f	0	0	0	0	0	0	0	0	0	28	15	0
870e3e86d8a5238a99a82d3ef1ee459f	0	0	0	0	0	0	0	29	17	0	0	0
1704b066b327ecc294c47130629f2072	16	5	0	0	0	0	0	0	21	0	0	0
0ffdad504a4da692626b17a707c52ff0	0	0	0	0	0	0	0	0	44	0	4	0
f1bd488eb34598e0be5e4aa921c90697	7	0	0	37	0	0	0	0	0	0	0	0
5b5a07c21133322d29fb2c6a4a50b135	0	0	0	0	0	0	24	0	21	0	0	0
9c5d62fe48b855003788ac11d46caed1	0	0	0	0	0	0	0	9	0	12	16	0
b48d7b8500bdd26e14f643f9d269475b	0	0	0	0	0	0	0	17	0	0	20	0
293512d7cf9f0dde7304f461328444b5	0	0	0	0	0	0	0	8	36	0	0	0
a59a546b338d2d8ccdf1b46ecdf02121	0	0	0	0	0	0	22	0	0	13	0	0
d7f53c17c4f6c7810e4f63234cf9d064	0	0	0	0	0	0	0	4	0	0	37	0
c106ca8cc1b8637c31aa4f5f074c819d	0	0	0	0	0	0	23	0	16	0	5	0
9b8af1a14f38d0847355e1861357bc0e	0	0	0	0	0	0	0	0	0	19	0	16
af5832f9efeb5a266fc8b7d2835ecbb7	0	0	0	0	0	0	0	0	0	5	0	31
94b0930ac49fd13ccb8f91288293fd8d	0	0	0	0	0	0	25	0	0	0	11	0
4976626fb051f0d4d149b4f301cf4003	0	0	0	0	0	0	0	18	0	7	8	0
9d8c376692e09de9da8ad5b704eb8c61	0	0	0	0	0	0	0	16	9	9	1	0
3747d85e5fca214e2b14b72ea821a545	19	17	0	0	0	0	0	0	0	0	0	0
e78e5f2da35541c9f7bd1f942c1b4f7d	13	22	0	0	0	0	0	0	0	0	0	0
8d753256b8dbfcb8e388cad5ebe48601	3	10	0	20	0	0	0	0	0	0	0	0
c5e8adbc179ef75642a461f39608e540	0	0	0	7	0	0	0	25	0	0	0	0
b74710c57e3811bf98136a6f1b64347d	0	0	0	0	0	0	29	0	6	0	0	0
2e003c30867c95c33a08b1f1eb64e141	0	0	0	0	0	0	10	0	28	0	0	0
c93b8025865633aaabd953e3b3fb7bd9	20	4	0	0	0	0	0	0	0	2	0	0
949622ab4b3221196d2e37d14679c4b1	0	0	0	0	0	0	17	0	0	7	0	8
bfcdaa86cb4557ab99a1bbb7995f1440	0	0	0	0	0	0	3	0	31	0	0	0
5a7f3d0fb2284b82b12edf021779d66f	0	0	0	0	0	0	0	0	0	8	25	0
37689ea1a105176e371084eb6471ede6	0	0	0	0	0	0	0	0	0	0	25	5
3bfeaab299e7da703c4a9a4063cbda33	0	0	0	0	0	0	0	0	0	21	11	0
c772f77b4e6c5049cd097f9f06d27ba8	0	0	0	0	0	0	0	0	0	8	0	22
1614e1a4b9cbc209b72de4133ee0006f	0	13	9	0	0	0	0	0	0	0	0	6
e4bd37c21a4cfec8fde2158653a09d67	0	0	0	0	0	0	12	0	0	19	0	0
9182ad96ddfc944692812e5c3cfeb1b4	19	7	0	0	0	0	0	0	6	0	0	0
607b6cd6a8b4af781646b1356deb9f69	0	0	0	0	0	0	16	0	17	0	0	0
6893e72da854e971a841067ce1305054	0	0	18	0	2	0	0	0	0	0	0	2
9732c9021b0e111bfb1f7bce816ded97	0	0	0	0	0	0	24	0	6	0	0	0
5c04477e87dcc289ad6b6b9af5d54a2d	0	0	0	0	0	0	0	0	21	9	0	0
ef97957e9fa53e3eb7965de0a0bf4931	0	0	0	0	0	0	0	0	2	21	2	0
dfaa193dce6612bd58bf865326805c71	0	0	0	0	0	0	5	7	16	0	0	0
0bbb660ca7322ddb187c4cabf8c8bb3c	0	0	0	0	0	0	0	0	0	0	18	11
ddbf23c8c5653d14479d9bf997ef7e1b	0	0	0	7	0	0	0	0	0	0	20	0
d6c733c7278fbcf720ec3c6e18675353	0	0	0	0	0	0	0	0	0	7	0	15
66543c46f267ca942513782bf4d4c4bd	0	0	0	0	0	0	0	0	0	18	7	0
700adbdb1dda39870feef609da8b71ec	0	0	0	0	0	0	0	0	0	5	0	17
6eb9356987bd006399e30379e1bc1158	0	0	0	0	0	0	5	15	0	0	0	0
3cd32f9bd13f27c7129fbda0eef7687e	0	0	0	0	0	0	0	14	0	7	2	0
2202658df8c13698db34c1801a5d7b66	0	0	0	0	0	0	0	8	0	0	16	0
15f16dd0203a9787f9dfd6be07b941dc	0	0	0	0	0	0	6	12	0	0	4	0
ae4856cae278ed9fd40765dc33cf9ae0	0	10	3	0	0	0	4	0	3	0	0	0
9ff71f83f0742c655c9a70fc4f81fce4	0	0	0	0	0	0	0	12	0	10	0	0
88b29218e2c5d84df9a59ae2d1aff494	0	0	0	12	0	0	0	0	0	11	0	0
ac5c3eb8d10ec7f366c67f6ae649fcf7	0	0	0	0	0	0	0	15	0	2	0	0
b71432e541e7d85f93b2bce13c9edcfe	0	0	0	0	0	0	0	6	0	11	0	0
e14a8d0d5884090769e78d223692d56d	0	0	0	0	0	0	0	0	0	4	0	16
97f287de3585ff318532f7154a848fee	0	0	0	0	0	0	9	0	0	0	0	11
f14c600f5aafa1b5920d43ab0207f48a	0	0	0	0	0	0	0	0	0	12	0	8
e21fc8d6fb72d301fc9c60d5767cce74	0	0	0	0	0	0	0	0	0	0	12	10
40dbd24c23e4af889b4fe9670a186bc5	7	7	0	0	0	0	0	4	2	0	0	0
0f1670c0893a582f95f3b17d38e371f2	0	0	0	0	0	0	2	1	0	3	0	13
cfbe6965764044ba7e0806f5b50a5e13	0	0	0	0	0	0	0	15	0	2	0	0
8584dcfa823b6a48b36694b39b5a0361	0	0	0	0	0	0	0	0	0	6	0	11
e4b7a8f1acc5d4e484fc74a9ad1f9dc9	0	0	3	0	0	0	5	0	10	0	0	0
28c7511e3aaceabdc7da80893db9b518	0	0	0	0	0	0	7	10	0	0	0	0
81d0d0a2b66bbf43b2104f1852da93ee	3	4	8	0	0	0	0	0	0	0	0	0
aee87336187eb39a218e68d008de9aac	0	0	8	0	2	0	0	0	0	0	0	0
d7ac8cda704968c3b98301c34b621621	0	0	0	0	0	0	0	0	11	0	6	0
d27cf4d4e012c5987a183e1656507d56	0	2	0	14	0	0	0	0	0	0	0	0
8b867dec69e728f1045fbd5f53fb9995	0	0	0	0	0	0	0	0	0	10	0	6
ca5417041157cc02f8d45eb98887d32a	0	0	0	0	0	0	0	0	0	5	0	9
6f66ba6136d57699381f1c63c3057277	0	0	0	0	0	0	0	4	0	0	5	7
17f1be6abcd3138dab565610a905f710	6	3	0	0	0	0	0	0	3	0	0	0
4b0bac2ba40c246438b7c70762af1bc0	3	8	0	0	0	0	0	0	3	0	0	0
859a0fdb0cc1d18e0ae9ad5d2b188e4e	0	0	0	0	0	0	0	6	9	0	0	0
71aab8a3eaa4a0eb9dc8dff846b14dcd	0	0	0	0	0	0	0	0	9	0	5	0
70df25cebc5de743e50e65979919993c	0	0	0	0	0	0	6	4	4	0	0	0
ae4e4c1686424d980b6521d927f714f6	0	0	0	0	0	0	0	9	4	0	0	0
205c84120d73bd5f4afec96e10de3d85	0	0	0	0	0	0	0	5	0	4	2	0
7febebe4e657c6c5c94f63e403c7fbe2	0	0	0	0	0	0	0	0	8	4	0	0
4d94750573527a814c97025e4db0d360	10	2	0	0	0	0	0	0	0	0	0	0
d49f349c5f80d95da9d288a8a1f08419	0	0	0	0	0	0	0	10	0	2	0	0
4fd301d2c146f2d45170b7c1dfa3791f	0	0	0	0	0	0	0	6	0	0	6	0
f1a5e5daf09d37be2e9a1aaf68da7e39	0	0	0	0	0	0	0	2	0	4	0	5
5ed410c8a79aaeb1f0754a096e5a455f	0	0	0	0	0	0	7	5	0	0	0	0
9d89ce6767da6c709b6497431a0962c6	0	0	0	0	0	0	0	3	0	0	2	3
91dc84ebadabc9153b19cf300cbfa59b	0	0	0	0	0	0	0	5	0	0	0	6
32c56a06d1e537b84732fb09c434c34b	0	0	0	0	0	0	0	0	0	6	0	5
0a9d646a84dd1d10d126614c5a681826	0	0	0	0	0	0	0	0	0	0	3	7
90b1f12add8b30e9df1fc3d7edc9ce0a	0	0	0	0	0	0	6	0	3	0	0	0
72fb5df516065353f331dc215ad098b4	0	0	0	0	0	0	3	7	0	0	0	0
4e85a55b8bb38f932732fb177eb4e231	0	0	0	0	0	0	0	0	0	4	0	7
fc64b4b42f35bfb76f2a67f9243c157d	0	0	6	0	1	0	0	0	0	0	0	0
47d815614dc1d727c6dd93a81ef7a191	0	0	0	0	0	0	0	1	0	0	3	0
dc2eb3eecc3362b4761428762ce7e75a	0	0	0	0	0	0	0	0	0	2	3	1
48f520199e2be5f51eff69650f3672a3	0	0	0	0	0	0	0	3	0	3	0	0
e8e714b2323d7d4facb67cdf440970ea	1	0	2	0	0	0	0	0	0	0	0	0
9596eb8f99bb6230abec2355624f8a0f	0	0	0	0	0	0	2	0	0	0	2	0
